symbol,to_consider,could_process,Adj_Close,AS_30,AS_90,AS_180,AS_360,Hurst,ATR_20,MA_100,position_size,Volume,close_gt_ma100,ma50_gt_ma100,max_min,AS_30_vol,AS_90_vol,AS_180_vol,AS_360_vol,Q_30,Q_90,Q_180,Q_360,Mean_4Q,Mean_3Q,Mean_Q,Q_30_vol,Q_90_vol,Q_180_vol,Q_360_vol,Mean_4Q_vol,Mean_3Q_vol,Mean_Q_vol,Mean_Final_Q,Stock_Value,sp_check
ADANIENT,True,True,718.95,6.25,6.5,7.32,0.62,0.68,28.3,427.43,4.0,16810897.0,True,True,2.3418566775244303,3.42,0.07,0.0,0.02,0.92,0.95,0.98,0.94,0.95,0.96,0.955,0.92,0.95,0.98,0.94,0.95,0.96,0.955,0.955,2875.8,False
DIXON,True,True,18673.1,3.14,6.11,3.6,2.37,0.95,867.13,11974.99,0.0,100700.0,True,True,2.3021144816233727,51.36,1.0,0.0,0.2,0.79,0.94,0.95,0.98,0.92,0.96,0.94,0.79,0.94,0.95,0.98,0.92,0.96,0.94,0.94,0.0,False
ACE,True,True,164.4,0.67,12.27,3.59,0.05,0.69,8.9,107.91,11.0,332392.0,True,True,2.42992700729927,17.94,4.42,0.01,0.42,0.68,0.97,0.94,0.78,0.84,0.9,0.87,0.68,0.97,0.94,0.78,0.84,0.9,0.87,0.87,1808.4,False
TCS,True,True,16.02,57.84,2.48,9.95,0.51,0.7,1.29,10.51,78.0,1019500.0,True,True,1.8869258998406049,109.4,0.0,7.67,1.3,0.96,0.68,0.98,0.91,0.88,0.86,0.87,0.96,0.68,0.98,0.91,0.88,0.86,0.87,0.87,1249.56,True
BEPL,True,True,138.65,-0.4,5.18,7.16,0.56,0.48,7.25,115.95,14.0,526121.0,True,True,2.1568877551020407,-0.47,0.0,0.0,0.13,0.1,0.9,0.97,0.92,0.72,0.93,0.825,0.1,0.9,0.97,0.92,0.72,0.93,0.825,0.825,1941.1000000000001,False
PTC,True,True,142.72,3.66,3.94,1.0,0.3,0.7,4.67,107.65,21.0,566100.0,True,True,1.7819501791714714,0.0,-0.0,-0.0,-0.0,0.81,0.84,0.78,0.87,0.82,0.83,0.825,0.81,0.84,0.78,0.87,0.82,0.83,0.825,0.825,2997.12,False
CONFIPET,True,True,45.65,2.23,4.68,2.07,0.01,0.75,2.56,31.82,39.0,597358.0,True,True,2.0393013100436685,73.92,43.92,1.15,0.84,0.75,0.88,0.89,0.71,0.81,0.83,0.8200000000000001,0.75,0.88,0.89,0.71,0.81,0.83,0.8200000000000001,0.8200000000000001,1780.35,False
ADANIGREEN,True,True,1068.95,0.03,0.96,6.38,6.89,0.83,46.97,940.71,2.0,4532486.0,True,True,1.794579703670613,359.11,-0.0,0.0,-0.0,0.59,0.53,0.96,0.99,0.77,0.83,0.8,0.59,0.53,0.96,0.99,0.77,0.83,0.8,0.8,2137.9,True
DEN,True,False,37.77,4.61,5.29,10089.99,0.0,0.64,2.33,20.35,43.0,297048.0,True,True,2.3016453875055993,0.13,30.89,,0.0,0.83,0.91,1.0,0.47,0.8,0.79,0.795,0.83,0.91,1.0,0.47,0.8,0.79,0.795,0.795,1624.1100000000001,False
EKC,True,False,70.35,0.57,19.53,11.15,0.0,0.88,3.81,41.42,26.0,1580399.0,True,True,3.5159705159705155,5.22,2.26,5.9,0.0,0.66,0.98,0.99,0.47,0.78,0.81,0.795,0.66,0.98,0.99,0.47,0.78,0.81,0.795,0.795,1829.1,False
ELGIRUBCO,True,False,28.75,7.59,5.48,1.72,0.0,1.38,2.34,21.16,43.0,103752.0,True,True,2.1792452830188678,487.85,11112.26,2.35,0.0,0.93,0.92,0.87,0.47,0.8,0.75,0.775,0.93,0.92,0.87,0.47,0.8,0.75,0.775,0.775,1236.25,False
BORORENEW,True,True,298.1,0.01,83.54,2.95,-0.0,0.76,15.8,166.18,6.0,552194.0,True,True,4.170715249662619,-0.1,2.68,2.38,2.45,0.55,1.0,0.93,0.47,0.74,0.8,0.77,0.55,1.0,0.93,0.47,0.74,0.8,0.77,0.77,1788.6000000000001,False
EMAMILTD,True,True,479.25,1.08,1.82,2.24,0.06,0.93,26.24,412.56,4.0,329562.0,True,True,1.4919533441606379,-0.08,7.41,-0.0,0.09,0.72,0.62,0.91,0.79,0.76,0.77,0.765,0.72,0.62,0.91,0.79,0.76,0.77,0.765,0.765,1917.0,False
DLF,True,True,311.75,5.43,6.68,1.27,0.0,0.79,15.54,211.63,6.0,16500467.0,True,True,2.0447419986936644,0.68,2.37,0.3,0.06,0.86,0.96,0.84,0.47,0.78,0.75,0.765,0.86,0.96,0.84,0.47,0.78,0.75,0.765,0.765,1870.5,True
CARBORUNIV,True,True,512.7,4.36,5.79,1.15,0.0,0.78,25.06,348.23,4.0,422868.0,True,True,2.255674518201285,3702.17,0.1,0.19,1.64,0.82,0.93,0.81,0.47,0.76,0.74,0.75,0.82,0.93,0.81,0.47,0.76,0.74,0.75,0.75,2050.8,False
DCW,True,True,20.6,0.93,2.36,1.27,0.01,0.76,1.37,17.29,73.0,593100.0,True,True,1.5827338129496402,0.61,66.74,0.06,0.88,0.7,0.68,0.84,0.71,0.73,0.74,0.735,0.7,0.68,0.84,0.71,0.73,0.74,0.735,0.735,1503.8000000000002,False
ELECON,True,True,55.95,0.02,12.84,1.04,0.0,0.89,3.36,35.74,30.0,1441388.0,True,True,2.6204545454545456,-0.0,116.27,1.16,1.6,0.57,0.98,0.79,0.47,0.7,0.74,0.72,0.57,0.98,0.79,0.47,0.7,0.74,0.72,0.72,1678.5,False
BHAGYANGR,True,False,33.85,133.27,3.88,0.64,0.0,1.01,3.19,21.13,31.0,40923.0,True,True,2.075075075075075,-0.02,979.55,0.05,0.0,0.98,0.82,0.65,0.47,0.73,0.65,0.69,0.98,0.82,0.65,0.47,0.73,0.65,0.69,0.69,1049.3500000000001,False
AUTOAXLES,True,True,1163.15,0.01,3.61,2.02,0.0,0.62,40.14,885.01,2.0,84478.0,True,True,1.778788805627772,-0.09,-0.0,0.01,0.41,0.55,0.79,0.88,0.47,0.67,0.71,0.69,0.55,0.79,0.88,0.47,0.67,0.71,0.69,0.69,2326.3,False
ADANIPORTS,True,False,616.6,2.28,3.94,0.84,0.0,0.53,24.23,436.91,4.0,24953701.0,True,True,1.7992413189378467,13.23,1.64,1.41,0.0,0.77,0.84,0.71,0.47,0.7,0.67,0.685,0.77,0.84,0.71,0.47,0.7,0.67,0.685,0.685,2466.4,True
ARVIND,True,True,72.0,1.75,4.18,0.81,-0.0,0.74,3.8,43.32,26.0,8678262.0,True,True,2.178517397881997,6509.73,1.44,0.0,0.01,0.74,0.86,0.7,0.47,0.69,0.68,0.685,0.74,0.86,0.7,0.47,0.69,0.68,0.685,0.685,1872.0,False
EMAMIREAL,True,False,54.15,-0.03,3.65,1.97,0.0,1.13,3.79,48.57,26.0,78829.0,True,True,2.2237654320987654,-0.11,0.37,0.14,0.0,0.33,0.8,0.88,0.47,0.62,0.71,0.665,0.33,0.8,0.88,0.47,0.62,0.71,0.665,0.665,1407.8999999999999,False
DIVISLAB,True,True,3719.4,-0.04,0.46,0.95,0.86,1.12,114.3,3472.21,1.0,561226.0,True,True,1.275364462633335,169.38,-0.03,-0.0,0.32,0.3,0.4,0.76,0.97,0.61,0.71,0.6599999999999999,0.3,0.4,0.76,0.97,0.61,0.71,0.6599999999999999,0.6599999999999999,3719.4,True
BERGEPAINT,True,True,770.35,-0.18,1.06,0.94,0.26,1.02,26.32,680.67,4.0,1497926.0,True,True,1.3616592493072464,10469.79,0.03,-0.01,-0.01,0.2,0.57,0.75,0.86,0.59,0.72,0.655,0.2,0.57,0.75,0.86,0.59,0.72,0.655,0.655,3081.4,True
BHAGERIA,True,True,167.8,0.03,1.16,0.56,0.18,0.94,6.94,145.9,14.0,21555.0,True,True,1.36406806489909,-0.08,4.61,-0.0,0.13,0.59,0.57,0.55,0.83,0.64,0.65,0.645,0.59,0.57,0.55,0.83,0.64,0.65,0.645,0.645,2349.2000000000003,False
ABSLBANETF,True,False,358.77,0.96,1.88,0.99,0.0,1.02,15.6,284.01,6.0,2363.0,True,True,1.6121606461745568,39.33,-0.03,-0.0,0.0,0.71,0.63,0.78,0.47,0.65,0.62,0.635,0.71,0.63,0.78,0.47,0.65,0.62,0.635,0.635,2152.62,False
DTIL,True,True,13.04,66.85,4.76,0.32,-0.0,1.2,1.42,9.18,70.0,647100.0,True,True,2.5674796287803394,0.1,3.77,0.16,0.07,0.97,0.88,0.4,0.47,0.68,0.58,0.63,0.97,0.88,0.4,0.47,0.68,0.58,0.63,0.63,912.8,False
REPL,False,True,36.89,-0.01,0.01,2.1,1.19,1.39,3.18,40.15,31.0,253300.0,False,True,2.187370261462872,-0.05,-0.03,0.55,1.16,0.39,0.11,0.9,0.98,0.59,0.66,0.625,0.39,0.11,0.9,0.98,0.59,0.66,0.625,0.625,1143.59,False
CANTABIL,True,True,373.65,-0.01,0.6,0.63,0.32,1.37,11.76,350.86,9.0,125961.0,True,True,1.295450992652806,-0.04,0.33,0.03,3.08,0.39,0.45,0.64,0.88,0.59,0.66,0.625,0.39,0.45,0.64,0.88,0.59,0.66,0.625,0.625,3362.85,False
BANARISUG,True,True,1574.0,0.59,0.69,0.62,0.02,0.98,55.42,1392.2,2.0,1565.0,True,True,1.2551923076923077,-0.02,5.56,-0.0,0.13,0.67,0.49,0.61,0.75,0.63,0.62,0.625,0.67,0.49,0.61,0.75,0.63,0.62,0.625,0.625,3148.0,False
AUBANK,True,True,1099.3,2.54,0.84,1.13,0.0,0.66,41.33,846.87,2.0,797049.0,True,True,1.5546810273405136,-0.0,1.09,0.0,0.07,0.78,0.52,0.8,0.47,0.64,0.59,0.615,0.78,0.52,0.8,0.47,0.64,0.59,0.615,0.615,2198.6,False
COSMOFILMS,True,True,503.2,2.29,0.13,0.53,0.79,1.07,21.92,448.9,5.0,65294.0,True,True,1.3447714464621163,72216.96,-0.0,-0.06,1.13,0.78,0.22,0.54,0.96,0.62,0.57,0.595,0.78,0.22,0.54,0.96,0.62,0.57,0.595,0.595,2516.0,False
CAMLINFINE,False,True,110.0,-0.42,0.13,2.25,0.25,0.76,5.98,110.34,17.0,574849.0,False,True,1.3547031003678403,0.1,0.12,-0.01,0.15,0.09,0.22,0.92,0.85,0.52,0.66,0.5900000000000001,0.09,0.22,0.92,0.85,0.52,0.66,0.5900000000000001,0.5900000000000001,1870.0,False
BBL,True,True,59.07,-0.0,2.16,0.32,0.02,0.91,1.48,49.13,68.0,1121600.0,True,True,1.5724675562474635,0.11,0.0,-0.0,0.0,0.47,0.65,0.4,0.75,0.57,0.6,0.585,0.47,0.65,0.4,0.75,0.57,0.6,0.585,0.585,4016.76,False
ELECTCAST,True,True,22.65,-0.06,0.15,1.23,0.23,1.02,0.96,21.39,104.0,842470.0,True,True,1.4011461318051577,-0.2,-0.02,0.0,2.1,0.26,0.23,0.82,0.84,0.54,0.63,0.585,0.26,0.23,0.82,0.84,0.54,0.63,0.585,0.585,2355.6,False
COUNCODOS,True,False,3.7,231949.05,2.35,0.35,0.0,0.28,0.14,1.63,714.0,145193.0,True,True,3.5,-0.0,0.05,10.99,0.0,1.0,0.67,0.42,0.47,0.64,0.52,0.5800000000000001,1.0,0.67,0.42,0.47,0.64,0.52,0.5800000000000001,0.5800000000000001,2641.8,False
AMRUTANJAN,True,True,586.95,-0.03,0.97,0.48,0.04,1.03,20.22,478.93,5.0,1686875.0,True,True,1.4555486670799753,-0.04,0.05,-0.09,0.1,0.33,0.54,0.52,0.78,0.54,0.61,0.575,0.33,0.54,0.52,0.78,0.54,0.61,0.575,0.575,2934.75,False
CAPACITE,True,True,212.8,0.15,1.56,1.48,-0.01,0.84,10.42,160.95,10.0,931291.0,True,True,1.7689110556940981,0.0,40.65,0.19,0.34,0.62,0.61,0.86,0.22,0.58,0.56,0.5700000000000001,0.62,0.61,0.86,0.22,0.58,0.56,0.5700000000000001,0.5700000000000001,2128.0,False
CANFINHOME,True,True,517.5,0.0,0.21,0.86,0.02,0.87,20.39,474.0,5.0,1039146.0,True,True,1.208609656777196,-0.0,0.17,-0.01,0.02,0.47,0.27,0.72,0.75,0.55,0.58,0.565,0.47,0.27,0.72,0.75,0.55,0.58,0.565,0.565,2587.5,False
IVC,False,True,8.58,0.02,0.99,0.72,0.0,0.74,0.66,8.71,151.0,613500.0,False,True,1.4790503321610422,0.03,-0.01,-0.13,-0.16,0.57,0.56,0.67,0.47,0.57,0.56,0.565,0.57,0.56,0.67,0.47,0.57,0.56,0.565,0.565,1295.58,False
TRIL,False,True,13.23,-0.3,-0.02,1.17,15.56,1.36,0.96,14.16,104.0,550300.0,False,False,1.730868354487054,-0.01,0.01,0.0,0.29,0.13,0.05,0.82,1.0,0.5,0.62,0.56,0.13,0.05,0.82,1.0,0.5,0.62,0.56,0.56,1375.92,False
ANDHRACEMT,True,False,5.85,-0.45,0.74,2.39,0.0,1.49,0.28,5.42,354.0,349113.0,True,True,1.558139534883721,-0.29,1.06,0.63,0.0,0.07,0.5,0.92,0.47,0.49,0.63,0.56,0.07,0.5,0.92,0.47,0.49,0.63,0.56,0.56,2070.9,False
PFC,True,True,29.02,6.19,3.22,0.62,-0.04,0.77,1.04,21.81,96.0,76400.0,True,True,1.7796809579238677,0.03,0.06,-0.05,0.01,0.89,0.75,0.61,0.16,0.6,0.51,0.5549999999999999,0.89,0.75,0.61,0.16,0.6,0.51,0.5549999999999999,0.5549999999999999,2785.92,True
PFC,True,True,29.02,6.19,3.22,0.62,-0.04,0.77,1.04,21.81,96.0,76400.0,True,True,1.7796809579238677,0.03,0.06,-0.05,0.01,0.89,0.75,0.61,0.16,0.6,0.51,0.5549999999999999,0.89,0.75,0.61,0.16,0.6,0.51,0.5549999999999999,0.5549999999999999,2785.92,True
PFC,True,True,29.02,6.19,3.22,0.62,-0.04,0.77,1.04,21.81,96.0,76400.0,True,True,1.7796809579238677,0.03,0.06,-0.05,0.01,0.89,0.75,0.61,0.16,0.6,0.51,0.5549999999999999,0.89,0.75,0.61,0.16,0.6,0.51,0.5549999999999999,0.5549999999999999,2785.92,True
PFC,True,True,29.02,6.19,3.22,0.62,-0.04,0.77,1.04,21.81,96.0,76400.0,True,True,1.7796809579238677,0.03,0.06,-0.05,0.01,0.89,0.75,0.61,0.16,0.6,0.51,0.5549999999999999,0.89,0.75,0.61,0.16,0.6,0.51,0.5549999999999999,0.5549999999999999,2785.92,True
PFC,True,True,29.02,6.19,3.22,0.62,-0.04,0.77,1.04,21.81,96.0,76400.0,True,True,1.7796809579238677,0.03,0.06,-0.05,0.01,0.89,0.75,0.61,0.16,0.6,0.51,0.5549999999999999,0.89,0.75,0.61,0.16,0.6,0.51,0.5549999999999999,0.5549999999999999,2785.92,True
PFC,True,True,29.02,6.19,3.22,0.62,-0.04,0.77,1.04,21.81,96.0,76400.0,True,True,1.7796809579238677,0.03,0.06,-0.05,0.01,0.89,0.75,0.61,0.16,0.6,0.51,0.5549999999999999,0.89,0.75,0.61,0.16,0.6,0.51,0.5549999999999999,0.5549999999999999,2785.92,True
ANKITMETAL,True,False,1.2,3.96,66.69,0.0,0.0,0.94,0.09,0.9,1111.0,193214.0,True,True,5.2857142857142865,1.58,2140.87,0.0,0.0,0.82,0.99,0.1,0.47,0.59,0.52,0.5549999999999999,0.82,0.99,0.1,0.47,0.59,0.52,0.5549999999999999,0.5549999999999999,1333.2,False
BEL,True,False,136.25,1.3,5.76,0.01,0.0,0.96,5.46,102.04,18.0,8268755.0,True,True,2.0236898779612345,-0.0,-0.01,0.26,0.0,0.73,0.92,0.18,0.47,0.58,0.52,0.55,0.73,0.92,0.18,0.47,0.58,0.52,0.55,0.55,2452.5,False
ATUL,True,True,6844.3,-0.01,0.17,0.57,0.4,0.81,159.86,6263.13,1.0,122453.0,True,True,1.1726518863722029,-0.02,0.16,0.0,0.23,0.39,0.25,0.57,0.89,0.52,0.57,0.5449999999999999,0.39,0.25,0.57,0.89,0.52,0.57,0.5449999999999999,0.5449999999999999,6844.3,False
ITI,True,True,6.15,0.0,3.85,0.2,0.0,0.66,0.43,5.24,235.0,330500.0,True,True,1.9920425111079658,0.17,9.49,0.03,0.01,0.47,0.82,0.36,0.47,0.53,0.55,0.54,0.47,0.82,0.36,0.47,0.53,0.55,0.54,0.54,1445.25,False
AUROPHARMA,True,True,929.95,-0.01,0.65,0.13,0.57,0.87,37.18,867.84,3.0,2641485.0,True,True,1.312393218556972,0.93,0.0,-0.03,-0.0,0.39,0.48,0.28,0.93,0.52,0.56,0.54,0.39,0.48,0.28,0.93,0.52,0.56,0.54,0.54,2789.8500000000004,True
PNC,True,True,162.27,0.0,1.86,0.57,-0.0,0.61,3.79,133.98,26.0,1230800.0,True,True,1.4925496914137313,-0.32,-0.04,-0.07,0.0,0.47,0.62,0.57,0.47,0.53,0.55,0.54,0.47,0.62,0.57,0.47,0.53,0.55,0.54,0.54,4219.02,False
HCC,True,True,21.91,-0.04,2.53,0.49,-0.0,0.89,1.12,19.07,89.0,525500.0,True,True,1.6736842372961214,0.0,-0.02,-0.0,-0.08,0.3,0.7,0.53,0.47,0.5,0.57,0.5349999999999999,0.3,0.7,0.53,0.47,0.5,0.57,0.5349999999999999,0.5349999999999999,1949.99,False
DIGISPICE,True,False,11.8,56.06,0.13,0.93,0.0,1.0,0.52,7.35,191.0,10551.0,True,True,2.4329896907216497,69801.98,2.54,0.39,0.0,0.95,0.22,0.74,0.47,0.59,0.48,0.5349999999999999,0.95,0.22,0.74,0.47,0.59,0.48,0.5349999999999999,0.5349999999999999,2253.8,False
ANANTRAJ,True,True,43.1,117.93,2.97,0.4,-0.01,0.88,2.46,27.95,41.0,369546.0,True,True,2.5518207282913163,-0.0,158.17,4.95,0.17,0.98,0.71,0.48,0.22,0.6,0.47,0.5349999999999999,0.98,0.71,0.48,0.22,0.6,0.47,0.5349999999999999,0.5349999999999999,1767.1000000000001,False
ABB,True,True,29.52,0.0,0.42,0.38,0.14,0.5,0.59,27.46,168.0,1048000.0,True,True,1.2686752105601151,-0.04,0.11,-0.0,-0.0,0.47,0.35,0.46,0.82,0.52,0.54,0.53,0.47,0.35,0.46,0.82,0.52,0.54,0.53,0.53,4959.36,False
CONSOFINVT,True,True,43.05,-0.2,0.98,0.76,0.0,0.78,2.58,37.95,39.0,3216.0,True,True,1.5687203791469195,-0.21,58.66,0.88,0.3,0.18,0.55,0.69,0.47,0.47,0.57,0.52,0.18,0.55,0.69,0.47,0.47,0.57,0.52,0.52,1678.9499999999998,False
HAL,True,True,20.17,-0.06,3.08,0.4,-0.0,0.72,0.98,16.5,102.0,9487400.0,True,True,1.9378282848443114,-0.03,-0.06,-0.16,-0.0,0.26,0.72,0.48,0.47,0.48,0.55,0.515,0.26,0.72,0.48,0.47,0.48,0.55,0.515,0.515,2057.34,False
BGRENERGY,True,False,43.85,6.74,0.08,0.84,0.0,0.77,4.07,39.08,25.0,81439.0,True,True,1.7539936102236422,-0.08,1.74,-0.0,0.0,0.92,0.18,0.71,0.47,0.57,0.45,0.51,0.92,0.18,0.71,0.47,0.57,0.45,0.51,0.51,1096.25,False
BANARBEADS,True,True,57.5,-0.09,0.0,0.69,0.48,1.7,1.88,56.67,53.0,3307.0,True,True,1.274024738344434,-0.29,-0.0,0.06,2.99,0.23,0.08,0.66,0.9,0.47,0.55,0.51,0.23,0.08,0.66,0.9,0.47,0.55,0.51,0.51,3047.5,False
HIL,True,True,2.85,5.04,4.62,0.39,-0.15,1.01,0.11,1.82,897.0,145300.0,True,True,2.1666665010982156,-0.19,-0.29,0.69,0.84,0.85,0.87,0.47,0.06,0.56,0.46,0.51,0.85,0.87,0.47,0.06,0.56,0.46,0.51,0.51,2556.4500000000003,False
BEML,True,True,971.6,-0.04,3.99,0.46,-0.01,0.54,32.51,770.2,3.0,400420.0,True,True,1.6713455149501661,-0.0,2.28,-0.0,-0.0,0.3,0.85,0.52,0.22,0.47,0.53,0.5,0.3,0.85,0.52,0.22,0.47,0.53,0.5,0.5,2914.8,False
AKSHARCHEM,True,True,279.2,-0.05,1.43,0.08,0.01,0.81,11.8,233.47,8.0,297427.0,True,True,1.4626790650917316,-0.24,9.59,-0.03,1.38,0.28,0.6,0.25,0.71,0.46,0.52,0.49,0.28,0.6,0.25,0.71,0.46,0.52,0.49,0.49,2233.6,False
DMART,True,False,2928.9,0.0,1.92,0.2,0.0,0.71,114.16,2494.23,1.0,188886.0,True,True,1.5184219189182344,-0.23,-0.02,0.0,0.0,0.47,0.64,0.36,0.47,0.49,0.49,0.49,0.47,0.64,0.36,0.47,0.49,0.49,0.49,0.49,2928.9,True
BOSCHLTD,True,True,15615.35,5.0,1.19,0.12,-0.0,0.96,638.29,13336.72,0.0,129893.0,True,True,1.4501575847153694,-0.0,0.34,0.14,1.59,0.84,0.58,0.27,0.47,0.54,0.44,0.49,0.84,0.58,0.27,0.47,0.54,0.44,0.49,0.49,0.0,True
CUB,True,True,69.25,0.11,0.17,0.75,-0.0,0.8,1.84,61.86,54.0,849900.0,True,True,1.2290089422115344,23789.87,-0.01,-0.02,0.02,0.62,0.25,0.68,0.47,0.5,0.46,0.48,0.62,0.25,0.68,0.47,0.5,0.46,0.48,0.48,3739.5,False
ABSLNN50ET,True,False,344.0,0.01,0.77,0.35,0.0,-0.23,14.49,302.34,7.0,524.0,True,True,1.2624316488678484,-0.0,0.02,0.0,0.0,0.55,0.51,0.42,0.47,0.49,0.47,0.48,0.55,0.51,0.42,0.47,0.49,0.47,0.48,0.48,2408.0,False
SCI,True,True,54.12,0.61,0.42,0.42,0.0,0.59,1.15,48.18,87.0,974000.0,True,True,1.246430244453402,-0.0,-0.0,-0.09,-0.0,0.68,0.35,0.5,0.47,0.5,0.44,0.47,0.68,0.35,0.5,0.47,0.5,0.44,0.47,0.47,4708.44,False
EMAMIPAP,True,True,95.05,-0.39,3.29,0.15,0.0,0.99,5.68,82.71,18.0,10401.0,True,True,1.748422712933754,-0.07,6.53,0.32,0.24,0.11,0.78,0.3,0.47,0.41,0.52,0.46499999999999997,0.11,0.78,0.3,0.47,0.41,0.52,0.46499999999999997,0.46499999999999997,1710.8999999999999,False
CANBK,True,True,157.1,2.25,4.88,0.17,-0.16,0.92,8.64,112.66,12.0,21225229.0,True,True,1.8920653442240374,0.05,381.42,0.24,0.17,0.76,0.89,0.32,0.05,0.51,0.42,0.46499999999999997,0.76,0.89,0.32,0.05,0.51,0.42,0.46499999999999997,0.46499999999999997,1885.1999999999998,False
DICIND,True,True,396.25,-0.04,0.25,0.19,0.08,1.34,12.24,384.25,8.0,10621.0,True,True,1.1510272071071628,-0.01,53.76,0.0,1.84,0.3,0.29,0.35,0.81,0.44,0.48,0.45999999999999996,0.3,0.29,0.35,0.81,0.44,0.48,0.45999999999999996,0.45999999999999996,3170.0,False
EIMCOELECO,True,True,382.3,-0.01,0.37,0.16,0.02,1.12,22.26,332.82,4.0,3752.0,True,True,1.3283760683760684,-0.0,27.55,0.48,0.26,0.39,0.32,0.31,0.75,0.44,0.46,0.45,0.39,0.32,0.31,0.75,0.44,0.46,0.45,0.45,1529.2,False
COROMANDEL,False,True,756.25,-0.18,0.27,0.05,0.54,0.96,26.62,778.8,4.0,197769.0,False,True,1.2265793639372573,-0.06,0.06,-0.0,0.78,0.2,0.31,0.22,0.92,0.41,0.48,0.44499999999999995,0.2,0.31,0.22,0.92,0.41,0.48,0.44499999999999995,0.44499999999999995,3025.0,False
IEX,True,True,199.87,-0.05,0.06,0.36,0.07,1.08,5.27,191.35,19.0,353300.0,True,True,1.236116947818883,18.52,-0.0,-0.0,-0.0,0.28,0.16,0.44,0.8,0.42,0.47,0.44499999999999995,0.28,0.16,0.44,0.8,0.42,0.47,0.44499999999999995,0.44499999999999995,3797.53,False
CAPTRUST,True,False,86.1,-0.65,3.74,0.05,0.0,0.71,5.59,78.6,18.0,3273.0,True,True,1.9946761313220942,-0.15,55.5,0.32,0.0,0.04,0.81,0.22,0.47,0.38,0.5,0.44,0.04,0.81,0.22,0.47,0.38,0.5,0.44,0.44,1549.8,False
ANIKINDS,True,False,15.4,33.47,0.03,0.42,0.0,1.44,1.97,13.14,51.0,9941.0,True,True,2.2420091324200917,-0.07,8.95,1.84,0.0,0.94,0.14,0.5,0.47,0.51,0.37,0.44,0.94,0.14,0.5,0.47,0.51,0.37,0.44,0.44,785.4,False
BFUTILITIE,True,True,282.3,-0.13,0.46,0.56,0.0,1.12,10.13,267.04,10.0,151564.0,True,True,1.3350762527233115,-0.4,0.03,0.0,-0.0,0.22,0.4,0.55,0.47,0.41,0.47,0.43999999999999995,0.22,0.4,0.55,0.47,0.41,0.47,0.43999999999999995,0.43999999999999995,2823.0,False
PFS,True,True,19.59,0.0,2.53,0.43,-0.11,0.78,0.61,16.15,163.0,248900.0,True,True,1.5691822850201087,0.05,0.01,-0.0,0.17,0.47,0.7,0.51,0.09,0.44,0.43,0.435,0.47,0.7,0.51,0.09,0.44,0.43,0.435,0.435,3193.17,False
AURIONPRO,True,True,80.75,-0.17,0.08,0.95,0.0,0.85,5.85,78.27,17.0,60898.0,True,True,1.4030501089324618,-0.0,6.86,0.0,0.02,0.21,0.18,0.76,0.47,0.4,0.47,0.435,0.21,0.18,0.76,0.47,0.4,0.47,0.435,0.435,1372.75,False
CAMS,False,False,1930.35,0.18,2.29,0.0,0.0,,61.59,,2.0,194527.0,False,False,1.5635049184213643,0.13,-0.02,0.0,0.0,0.63,0.66,0.1,0.47,0.46,0.41,0.435,0.63,0.66,0.1,0.47,0.46,0.41,0.435,0.435,3860.7,False
ATFL,True,False,841.1,-0.02,0.66,0.22,0.0,0.4,27.01,769.04,4.0,109463.0,True,True,1.288354103996562,-0.23,0.15,0.13,0.0,0.35,0.48,0.38,0.47,0.42,0.44,0.43,0.35,0.48,0.38,0.47,0.42,0.44,0.43,0.43,3364.4,False
AUSOMENT,False,False,48.9,-0.22,-0.0,1.45,0.0,1.57,2.98,51.89,34.0,16728.0,False,False,1.9384993849938499,0.0,-0.17,0.18,0.0,0.17,0.08,0.85,0.47,0.39,0.47,0.43,0.17,0.08,0.85,0.47,0.39,0.47,0.43,0.43,1662.6,False
CORALFINAC,True,True,22.85,-0.31,0.18,0.02,0.71,0.98,1.19,21.44,84.0,78323.0,True,True,1.6764705882352942,-0.05,1.12,-0.0,0.12,0.12,0.26,0.2,0.95,0.38,0.47,0.425,0.12,0.26,0.2,0.95,0.38,0.47,0.425,0.425,1919.4,False
AUTOIND,False,False,31.3,-0.68,0.23,0.76,0.0,0.59,1.66,31.31,60.0,17092.0,False,True,1.467411545623836,-0.26,0.01,0.18,0.0,0.02,0.28,0.69,0.47,0.37,0.48,0.425,0.02,0.28,0.69,0.47,0.37,0.48,0.425,0.425,1878.0,False
CORDSCABLE,True,True,46.25,-0.07,0.43,0.35,0.0,0.93,2.38,43.31,42.0,209353.0,True,True,1.3220338983050848,-0.06,210.96,0.3,0.32,0.25,0.37,0.42,0.47,0.38,0.42,0.4,0.25,0.37,0.42,0.47,0.38,0.42,0.4,0.4,1942.5,False
CAREERP,False,True,161.3,-0.02,-0.03,0.12,0.36,0.6,6.74,165.99,15.0,48907.0,False,False,1.1877828054298643,-0.02,0.0,-0.0,0.01,0.35,0.03,0.27,0.88,0.39,0.4,0.395,0.35,0.03,0.27,0.88,0.39,0.4,0.395,0.395,2419.5,False
DLINKINDIA,False,True,105.75,-0.47,0.09,0.24,0.02,1.23,3.87,106.72,26.0,138924.0,False,True,1.3221333333333334,-0.17,0.0,0.0,1.41,0.05,0.19,0.38,0.75,0.34,0.44,0.39,0.05,0.19,0.38,0.75,0.34,0.44,0.39,0.39,2749.5,False
ANDHRSUGAR,True,True,308.9,-0.22,0.36,0.08,0.01,0.97,10.1,303.94,10.0,57753.0,True,True,1.2738642633805406,-0.25,2.23,-0.03,0.04,0.17,0.32,0.25,0.71,0.36,0.42,0.39,0.17,0.32,0.25,0.71,0.36,0.42,0.39,0.39,3089.0,False
BHAGYAPROP,True,False,27.7,0.06,0.22,0.17,0.0,1.21,1.41,23.56,71.0,86206.0,True,True,1.292517006802721,4.42,45192.48,0.0,0.0,0.61,0.28,0.32,0.47,0.42,0.36,0.39,0.61,0.28,0.32,0.47,0.42,0.36,0.39,0.39,1966.7,False
DISHTV,False,True,11.55,-0.47,0.01,0.89,-0.0,0.88,0.49,12.34,203.0,9312338.0,False,True,1.5396039603960396,-0.46,2.4,2.08,-0.14,0.05,0.11,0.73,0.47,0.34,0.44,0.39,0.05,0.11,0.73,0.47,0.34,0.44,0.39,0.39,2344.65,False
CPSEETF,True,False,20.92,0.55,0.44,0.0,0.0,0.95,0.56,18.55,178.0,3986407.0,True,True,1.35941475826972,-0.37,203.54,0.0,0.0,0.65,0.38,0.1,0.47,0.4,0.31,0.355,0.65,0.38,0.1,0.47,0.4,0.31,0.355,0.355,3723.76,False
DYNAMATECH,True,True,864.05,0.0,0.6,0.37,-0.07,0.89,31.49,752.99,3.0,23044.0,True,True,1.3104860110698309,-0.0,0.24,0.07,4.59,0.47,0.45,0.45,0.11,0.37,0.34,0.355,0.47,0.45,0.45,0.11,0.37,0.34,0.355,0.355,2592.1499999999996,False
AMJLAND,True,False,25.8,3.58,0.03,0.07,0.0,0.9,1.68,21.03,60.0,12974.0,True,True,2.180451127819549,23.47,0.05,0.78,0.0,0.8,0.14,0.23,0.47,0.41,0.28,0.345,0.8,0.14,0.23,0.47,0.41,0.28,0.345,0.345,1548.0,False
ACC,True,True,43.46,0.05,0.4,0.28,-0.02,0.73,1.09,40.17,92.0,493800.0,True,True,1.2248603186764067,0.0,-0.05,-0.13,0.01,0.6,0.34,0.39,0.2,0.38,0.31,0.345,0.6,0.34,0.39,0.2,0.38,0.31,0.345,0.345,3998.32,True
CAPLIPOINT,False,True,468.3,-0.42,-0.11,0.14,0.18,1.24,14.29,502.53,7.0,88600.0,False,False,1.285793933987511,0.0,0.0,-0.25,0.68,0.09,0.02,0.29,0.83,0.31,0.38,0.345,0.09,0.02,0.29,0.83,0.31,0.38,0.345,0.345,3278.1,False
ANGELBRKG,False,False,343.7,-0.02,0.56,0.0,0.0,,13.6,,7.0,59538.0,False,False,1.6953038059203205,-0.22,-0.28,0.0,0.0,0.35,0.44,0.1,0.47,0.34,0.33,0.335,0.35,0.44,0.1,0.47,0.34,0.33,0.335,0.335,2405.9,False
ATLANTA,True,False,8.1,-0.74,0.91,-0.0,0.0,0.7,0.49,7.72,204.0,38896.0,True,True,1.650793650793651,-0.0,45.89,0.0,0.0,0.01,0.52,0.1,0.47,0.28,0.36,0.32,0.01,0.52,0.1,0.47,0.28,0.36,0.32,0.32,1652.3999999999999,False
DNAMEDIA,False,False,0.75,2516.84,-0.0,0.0,0.0,1.83,0.06,0.51,1739.0,84948.0,True,False,2.142857142857143,541792462.27,-0.05,0.0,0.0,0.99,0.08,0.1,0.47,0.41,0.22,0.315,0.99,0.08,0.1,0.47,0.41,0.22,0.315,0.315,1304.25,False
CCL,True,True,20.6,-0.0,1.4,0.1,-0.25,1.18,0.91,18.29,110.0,25028300.0,True,True,1.9162601080753339,-0.01,-0.03,-0.0,2.73,0.47,0.59,0.26,0.02,0.34,0.29,0.315,0.47,0.59,0.26,0.02,0.34,0.29,0.315,0.315,2266.0,False
ELGIEQUIP,True,True,168.0,0.0,3.09,-0.0,-0.17,0.84,6.64,141.1,15.0,94907.0,True,True,1.720863309352518,-0.06,29.06,0.32,1.98,0.47,0.72,0.1,0.04,0.33,0.29,0.31,0.47,0.72,0.1,0.04,0.33,0.29,0.31,0.31,2520.0,False
CONTROLPR,True,True,233.0,-0.23,0.46,0.17,-0.01,0.7,10.53,227.58,9.0,14030.0,True,True,1.2975897688145597,-0.13,0.11,0.04,0.71,0.16,0.4,0.32,0.22,0.28,0.31,0.29500000000000004,0.16,0.4,0.32,0.22,0.28,0.31,0.29500000000000004,0.29500000000000004,2097.0,False
DWARKESH,False,True,26.95,-0.72,0.02,0.19,0.0,0.74,1.01,29.2,99.0,432107.0,False,True,1.2710280373831775,-0.09,0.78,-0.0,0.01,0.02,0.12,0.35,0.47,0.24,0.31,0.275,0.02,0.12,0.35,0.47,0.24,0.31,0.275,0.275,2668.0499999999997,False
21STCENMGM,True,True,12.25,0.89,0.46,-0.0,-0.12,0.88,0.3,10.31,339.0,14565.0,True,True,1.2827225130890052,-0.09,10.88,0.18,2.3,0.69,0.4,0.1,0.08,0.32,0.19,0.255,0.69,0.4,0.1,0.08,0.32,0.19,0.255,0.255,4152.75,False
DIGJAMLTD,False,False,1.35,0.0,0.0,0.0,0.0,,,,,26279.0,False,False,1.4736842105263157,0.0,0.0,0.0,0.0,0.47,0.08,0.1,0.47,0.28,0.22,0.25,0.47,0.08,0.1,0.47,0.28,0.22,0.25,0.25,,False
ABMINTLTD,False,False,42.75,0.0,0.0,0.0,0.0,,,,,765.0,False,False,1.4442567567567566,0.0,0.0,0.0,0.0,0.47,0.08,0.1,0.47,0.28,0.22,0.25,0.47,0.08,0.1,0.47,0.28,0.22,0.25,0.25,,False
ATULAUTO,True,True,181.45,-0.02,0.38,0.04,-0.08,0.97,5.94,174.36,17.0,125841.0,True,True,1.2873977086743045,-0.11,0.55,0.07,2.33,0.35,0.33,0.21,0.1,0.25,0.21,0.22999999999999998,0.35,0.33,0.21,0.1,0.25,0.21,0.22999999999999998,0.22999999999999998,3084.6499999999996,False
PSB,True,True,145.08,1.25,0.26,0.0,-0.13,0.55,3.48,130.41,29.0,87700.0,True,True,1.3071448294748835,-0.12,-0.07,-0.05,0.0,0.72,0.3,0.1,0.08,0.3,0.16,0.22999999999999998,0.72,0.3,0.1,0.08,0.3,0.16,0.22999999999999998,0.22999999999999998,4207.320000000001,False
COX&KINGS,False,False,1.55,-0.0,-0.85,0.0,0.0,,0.07,,1429.0,1516210.0,False,False,5.466666666666666,-0.02,2.21,0.0,0.0,0.47,0.01,0.1,0.47,0.26,0.19,0.225,0.47,0.01,0.1,0.47,0.26,0.19,0.225,0.225,2214.9500000000003,False
ANDHRAPAP,True,True,227.35,0.01,0.56,-0.02,-0.14,1.4,7.91,202.77,13.0,61679.0,True,True,1.2480874316939892,-0.09,4.56,-0.04,0.27,0.55,0.44,0.02,0.07,0.27,0.17,0.22000000000000003,0.55,0.44,0.02,0.07,0.27,0.17,0.22000000000000003,0.22000000000000003,2955.5499999999997,False
ACCELYA,False,True,910.0,-0.08,0.0,-0.0,0.0,0.67,26.84,943.68,4.0,8736.0,False,True,1.2942480601059243,1.59,-0.06,-0.17,0.0,0.24,0.08,0.1,0.47,0.22,0.22,0.22,0.24,0.08,0.1,0.47,0.22,0.22,0.22,0.22,3640.0,False
ELECTHERM,True,True,127.1,-0.3,0.49,-0.0,-0.04,0.71,5.66,106.31,18.0,441438.0,True,True,1.432112676056338,-0.04,0.1,0.05,0.07,0.13,0.42,0.1,0.16,0.2,0.23,0.21500000000000002,0.13,0.42,0.1,0.16,0.2,0.23,0.21500000000000002,0.21500000000000002,2287.7999999999997,False
BFINVEST,True,True,284.05,-0.25,0.04,-0.01,-0.0,0.97,9.41,283.54,11.0,22395.0,True,True,1.2178814382896015,-0.38,0.6,-0.0,-0.05,0.14,0.15,0.02,0.47,0.2,0.21,0.20500000000000002,0.14,0.15,0.02,0.47,0.2,0.21,0.20500000000000002,0.20500000000000002,3124.55,False
MMP,True,True,41.69,-0.16,0.51,0.0,-0.17,0.66,1.38,40.66,73.0,2063800.0,True,True,1.3600000534614507,850.53,0.57,0.0,0.01,0.22,0.42,0.1,0.04,0.19,0.19,0.19,0.22,0.42,0.1,0.04,0.19,0.19,0.19,0.19,3043.37,False
PPL,False,True,28.01,0.0,-0.02,0.01,-0.04,0.65,0.51,28.13,196.0,2777200.0,False,False,1.165210801142207,-0.11,-0.0,-0.06,-0.0,0.47,0.05,0.18,0.16,0.22,0.13,0.175,0.47,0.05,0.18,0.16,0.22,0.13,0.175,0.175,5489.96,False
ARVINDFASN,True,True,159.35,-0.43,0.62,-0.0,-0.44,1.02,7.07,141.07,14.0,1149261.0,True,True,1.392435949572997,-0.0,12.45,1.45,4.83,0.08,0.47,0.1,0.01,0.16,0.19,0.175,0.08,0.47,0.1,0.01,0.16,0.19,0.175,0.175,2230.9,False
MIC,True,True,31.78,-0.24,0.11,0.01,-0.06,0.89,0.7,30.54,142.0,673800.0,True,True,1.6025387938535103,-0.25,1.9,0.03,0.02,0.15,0.2,0.18,0.12,0.16,0.17,0.165,0.15,0.2,0.18,0.12,0.16,0.17,0.165,0.165,4512.76,False
CHEMFAB,False,True,129.55,-0.65,0.06,-0.0,-0.06,1.0,5.1,135.37,20.0,6684.0,False,True,1.3028229255774166,-0.09,1.55,0.0,0.6,0.04,0.16,0.1,0.12,0.11,0.13,0.12,0.04,0.16,0.1,0.12,0.11,0.13,0.12,0.12,2591.0,False
SFL,False,True,7.69,0.37,-0.05,-0.4,-0.44,0.52,0.26,6.92,380.0,1610400.0,True,False,1.3429053558799984,-0.08,2.47,0.26,0.11,0.64,0.02,0.01,0.01,0.17,0.02,0.095,0.64,0.02,0.01,0.01,0.17,0.02,0.095,0.095,2922.2000000000003,False
